,Age,Height,Weight,FCVC,NCP,CH2O,FAF,TUE
count,2087.0,2087.0,2087.0,2087.0,2087.0,2087.0,2087.0,2087.0
mean,24.353089797316724,1.7026741221849544,86.85872961427887,2.4214661729755633,2.629845785816962,2.004749436511739,1.0128119003354095,0.6630354408241496
std,6.368801443907884,0.09318594231105748,26.190847077225722,0.5347365926503929,0.6912319688879939,0.608284367941191,0.8534746744566887,0.608153282082986
min,14.0,1.45,39.0,1.0,1.0,1.0,0.0,0.0
25%,19.9159375,1.6301785,66.0,2.0,2.697467,1.5909215,0.124505,0.0
50%,22.847618,1.701584,83.1011,2.396265,3.0,2.0,1.0,0.630866
75%,26.0,1.7694915,108.015907,3.0,3.0,2.4661925,1.678102,1.0
max,61.0,1.98,173.0,3.0,3.0,3.0,3.0,2.0
